<?xml version="1.0" encoding="ISO-8859-1"?>
<assembly xmlns="urn:assembly" xmlns:xsi="http://www.w3.org/2001/XMLSchema-instance"
  xsi:schemaLocation="urn:assembly http://maven.apache.org/xsd/assembly-1.1.0.xsd">

    <id>hapi-hl7overhttp-api</id>
    
    <formats>
        <format>zip</format>
        <format>tar.bz2</format>
    </formats>

    <includeBaseDirectory>false</includeBaseDirectory>

	<dependencySets>
		<dependencySet>
			<includes>
                <include>org.slf4j:slf4j-api</include>
			</includes>
            <outputDirectory>lib</outputDirectory>
            <useTransitiveDependencies>false</useTransitiveDependencies>
		</dependencySet>
	</dependencySets>

    <fileSets>

        <fileSet>
            <directory>${project.basedir}/target</directory>
            <includes>
                <include>hapi-hl7overhttp-${project.version}.jar</include>
                <include>hapi-hl7overhttp-${project.version}-sources.jar</include>
                <include>hapi-hl7overhttp-${project.version}-javadoc.jar</include>
            </includes>
            <outputDirectory>lib</outputDirectory>
        </fileSet>

        <fileSet>
            <directory>${project.basedir}/src/main/distresources</directory>
            <includes>
                <include>*.*</include>
            </includes>
            <outputDirectory></outputDirectory>
        </fileSet>

    </fileSets>

</assembly>
